{
  "events": [
    {
      "title": "Birthday Party of Panda",
      "description": "Lorem ipsum dolor sit amet consectetur adipisicing elit. Ducimus dicta ratione iure nam quibusdam iste dolores ipsum ullam facilis, vel quia doloremque assumenda aliquam, quas odit mollitia omnis possimus soluta!",
      "date": "2 march 9AM onwards",
      "place": "Mumbai,India",
      "author": "pankaj",
      "created": "now"
    },
    {
      "title": "Birthday Party of Panda",
      "description": "Lorem ipsum dolor sit amet consectetur adipisicing elit. Ducimus dicta ratione iure nam quibusdam iste dolores ipsum ullam facilis, vel quia doloremque assumenda aliquam, quas odit mollitia omnis possimus soluta!",
      "date": "2 march 9AM onwards",
      "place": "Mumbai,India",
      "author": "pankaj",
      "created": "now"
    },
    {
      "title": "Birthday Party of Panda",
      "description": "Lorem ipsum dolor sit amet consectetur adipisicing elit. Ducimus dicta ratione iure nam quibusdam iste dolores ipsum ullam facilis, vel quia doloremque assumenda aliquam, quas odit mollitia omnis possimus soluta!",
      "date": "2 march 9AM onwards",
      "place": "Mumbai,India",
      "author": "pankaj",
      "created": "now"
    },
    {
      "title": "Birthday Party of Panda",
      "description": "Lorem ipsum dolor sit amet consectetur adipisicing elit. Ducimus dicta ratione iure nam quibusdam iste dolores ipsum ullam facilis, vel quia doloremque assumenda aliquam, quas odit mollitia omnis possimus soluta!",
      "date": "2 march 9AM onwards",
      "place": "Mumbai,India",
      "author": "pankaj",
      "created": "now"
    }
  ]
}
